{"sections":{"slideshow":{"type":"slideshow","blocks":{"slideshow-0":{"type":"image","settings":{"title_size":80,"link":"shopify:\/\/collections\/all","link_text":"Shop this","link_2":"shopify:\/\/collections\/all","link_text_2":"Shop all","color_accent":"#000000","text_align":"vertical-center horizontal-center"}},"slideshow-1":{"type":"image","settings":{"title_size":80,"link":"shopify:\/\/collections\/all","link_text":"Shop all","link_2":"shopify:\/\/collections\/all","link_text_2":"Shop all","color_accent":"#000000","text_align":"vertical-bottom horizontal-left"}}},"block_order":["slideshow-0","slideshow-1"],"settings":{"section_height":"750px","mobile_height":"auto","parallax":true,"style":"bars","autoplay":true,"autoplay_speed":7}},"rich-text":{"type":"rich-text","blocks":{"heading":{"type":"heading","settings":{}},"text":{"type":"text","settings":{}}},"block_order":["heading","text"],"settings":{}},"promo-grid":{"type":"promo-grid","blocks":{"promo-0":{"type":"advanced","settings":{"cta_link1":"shopify:\/\/collections\/all","width":"50","height":800,"text_size":100,"text_align":"vertical-center horizontal-center","boxed":false,"framed":true}},"promo-1":{"type":"advanced","settings":{"cta_link1":"shopify:\/\/collections\/all","width":"50","height":500,"text_size":100,"text_align":"vertical-bottom horizontal-center","boxed":true,"framed":false}}},"block_order":["promo-0","promo-1"],"settings":{"full_width":true,"gutter_size":20,"space_above":false,"space_below":false}},"featured-collections":{"type":"featured-collections","blocks":{"featured-collections-0":{"type":"collection","settings":{}},"featured-collections-1":{"type":"collection","settings":{}},"featured-collections-2":{"type":"collection","settings":{}},"featured-collections-3":{"type":"collection","settings":{}}},"block_order":["featured-collections-0","featured-collections-1","featured-collections-2","featured-collections-3"],"settings":{"title":"Shop by category","divider":false,"per_row":4,"enable_gutter":true}},"promo-grid2":{"type":"promo-grid","blocks":{"promo2-0":{"type":"advanced","settings":{"cta_link1":"shopify:\/\/collections\/all","width":"100","height":720,"text_size":120,"boxed":false,"framed":false}},"promo2-1":{"type":"sale_collection","settings":{"width":"50","boxed":false,"framed":true}},"promo2-2":{"type":"sale_collection","settings":{"width":"50","boxed":false,"framed":true}}},"block_order":["promo2-0","promo2-1","promo2-2"],"settings":{"full_width":false,"gutter_size":20,"space_above":false,"space_below":false}},"featured-collection":{"type":"featured-collection","settings":{"per_row":4,"rows":1,"view_all":true,"divider":false}},"background-image-text":{"type":"background-image-text","settings":{"button_link":"shopify:\/\/collections\/all","layout":"left","height":750,"framed":false,"parallax":true}},"blog-posts":{"type":"blog-posts","settings":{"title":"From the journal","blog":"news","post_limit":3,"blog_show_tags":false,"blog_show_date":true,"blog_show_comments":false,"blog_show_author":false,"view_all":true,"blog_image_size":"wide","divider":false}},"map":{"type":"map","settings":{}}},"order":["slideshow","rich-text","promo-grid","featured-collections","promo-grid2","featured-collection","background-image-text","blog-posts","map"]}