{"type":"footer","name":"t:sections.footer-group.name","sections":{"footer-promotions":{"type":"footer-promotions","blocks":{"footer-promotions-0":{"type":"promotion","settings":{"enable_image":true}},"footer-promotions-1":{"type":"promotion","settings":{"enable_image":true}},"footer-promotions-2":{"type":"promotion","settings":{"enable_image":true}}},"block_order":["footer-promotions-0","footer-promotions-1","footer-promotions-2"],"settings":{}},"footer":{"type":"footer","blocks":{"footer-0":{"type":"logo_social","settings":{"container_width":95}},"footer-1":{"type":"menu","settings":{"menu":"footer","container_width":25}},"footer2":{"type":"newsletter","settings":{"container_width":33}}},"block_order":["footer-1","footer2","footer-0"],"settings":{"show_payment_icons":false}}},"order":["footer-promotions","footer"]}