{"type":"header","name":"t:sections.header-group.name","sections":{"header":{"type":"header","blocks":{"header-0":{"type":"logo","settings":{"desktop_logo_width":140,"mobile_logo_width":110}}},"block_order":["header-0"],"settings":{"main_menu_link_list":"main-menu","main_menu_alignment":"center-split","header_style":"sticky","sticky_index":false,"sticky_collection":false,"toolbar_menu":"top","toolbar_social":true}},"announcement":{"type":"announcement","blocks":{"announcement-0":{"type":"announcement","settings":{"text":"Free shipping","link_text":"On all orders over $100"}},"announcement-1":{"type":"announcement","settings":{"text":"Hassle-free returns","link_text":"30-day postage paid returns"}}},"block_order":["announcement-0","announcement-1"],"settings":{"announcement_compact":true}}},"order":["header","announcement"]}