{"type":"custom.popups","name":"t:sections.popup-group.name","sections":{"newsletter-popup":{"type":"newsletter-popup","disabled":true,"blocks":{"reminder-block":{"type":"header","disabled":true,"settings":{}}},"block_order":["reminder-block"],"settings":{"disable_for_account_holders":true,"popup_seconds":5,"popup_days":30,"popup_title":"Save 10% off your first purchase","popup_text":"<p>Sign up today and we&#x27;ll send you a 10% discount code towards your first purchase.<\/p>","image_position":"left","show_social_icons":false,"enable_newsletter":true,"button_label":"Optional button","button_link":""}},"age-verification-popup":{"type":"age-verification-popup","disabled":true,"settings":{}}},"order":["newsletter-popup","age-verification-popup"]}